id,run_id,node,ts,log
1,111,node=app1,2/18/25,Warning Latency Outlier
2,112,node=app1,2/18/25,Warning Latency Outlier
3,113,node=app1,2/18/25,Warning Latency Outlier
4,114,node=app1,2/18/25,Warning Latency Outlier
5,115,node=app1,2/18/25,Warning Latency Outlier
6,116,node=app1,2/18/25,Warning Latency Outlier
7,117,node=app1,2/18/25,Warning Latency Outlier
8,118,node=app1,2/18/25,Warning Latency Outlier
9,119,node=app1,2/18/25,Warning Latency Outlier
10,120,node=app1,2/18/25,Warning Latency Outlier
11,121,node=app1,2/18/25,Warning Latency Outlier
12,122,node=app1,2/18/25,Warning Latency Outlier
13,123,node=app1,2/18/25,Warning Latency Outlier
14,124,node=app1,2/18/25,Warning Latency Outlier
15,125,node=app1,2/18/25,Warning Latency Outlier
16,126,node=app1,2/18/25,Warning Latency Outlier
17,127,node=app1,2/18/25,Warning Latency Outlier
18,128,node=app1,2/18/25,Warning Latency Outlier
19,129,node=app1,2/18/25,Warning Latency Outlier
20,130,node=app1,2/18/25,Warning Latency Outlier